<?xml version="1.0" encoding="UTF-8"?>
<configurationDescriptor version="100">
  <logicalFolder name="root" displayName="root" projectFiles="true" kind="ROOT">
    <logicalFolder name="HeaderFiles"
                   displayName="Header Files"
                   projectFiles="true">
      <itemPath>clientes.h</itemPath>
      <itemPath>empresa.h</itemPath>
      <itemPath>estruturas.h</itemPath>
      <itemPath>gestao.h</itemPath>
      <itemPath>menu.h</itemPath>
      <itemPath>parque.h</itemPath>
      <itemPath>tarifarios.h</itemPath>
    </logicalFolder>
    <logicalFolder name="ResourceFiles"
                   displayName="Resource Files"
                   projectFiles="true">
    </logicalFolder>
    <logicalFolder name="SourceFiles"
                   displayName="Source Files"
                   projectFiles="true">
      <itemPath>clientes.c</itemPath>
      <itemPath>empresa.c</itemPath>
      <itemPath>gestao.c</itemPath>
      <itemPath>main.c</itemPath>
      <itemPath>menu.c</itemPath>
      <itemPath>parque.c</itemPath>
      <itemPath>tarifarios.c</itemPath>
    </logicalFolder>
    <logicalFolder name="TestFiles"
                   displayName="Test Files"
                   projectFiles="false"
                   kind="TEST_LOGICAL_FOLDER">
    </logicalFolder>
    <logicalFolder name="ExternalFiles"
                   displayName="Important Files"
                   projectFiles="false"
                   kind="IMPORTANT_FILES_FOLDER">
      <itemPath>Makefile</itemPath>
    </logicalFolder>
  </logicalFolder>
  <projectmakefile>Makefile</projectmakefile>
  <confs>
    <conf name="Debug" type="1">
      <toolsSet>
        <compilerSet>default</compilerSet>
        <dependencyChecking>true</dependencyChecking>
        <rebuildPropChanged>false</rebuildPropChanged>
      </toolsSet>
      <compileType>
      </compileType>
      <item path="clientes.c" ex="false" tool="0" flavor2="0">
      </item>
      <item path="clientes.h" ex="false" tool="3" flavor2="0">
      </item>
      <item path="empresa.c" ex="false" tool="0" flavor2="0">
      </item>
      <item path="empresa.h" ex="false" tool="3" flavor2="0">
      </item>
      <item path="estruturas.h" ex="false" tool="3" flavor2="0">
      </item>
      <item path="gestao.c" ex="false" tool="0" flavor2="0">
      </item>
      <item path="gestao.h" ex="false" tool="3" flavor2="0">
      </item>
      <item path="main.c" ex="false" tool="0" flavor2="0">
      </item>
      <item path="menu.c" ex="false" tool="0" flavor2="0">
      </item>
      <item path="menu.h" ex="false" tool="3" flavor2="0">
      </item>
      <item path="parque.c" ex="false" tool="0" flavor2="0">
      </item>
      <item path="parque.h" ex="false" tool="3" flavor2="0">
      </item>
      <item path="tarifarios.c" ex="false" tool="0" flavor2="0">
      </item>
      <item path="tarifarios.h" ex="false" tool="3" flavor2="0">
      </item>
    </conf>
    <conf name="Release" type="1">
      <toolsSet>
        <compilerSet>default</compilerSet>
        <dependencyChecking>true</dependencyChecking>
        <rebuildPropChanged>false</rebuildPropChanged>
      </toolsSet>
      <compileType>
        <cTool>
          <developmentMode>5</developmentMode>
        </cTool>
        <ccTool>
          <developmentMode>5</developmentMode>
        </ccTool>
        <fortranCompilerTool>
          <developmentMode>5</developmentMode>
        </fortranCompilerTool>
        <asmTool>
          <developmentMode>5</developmentMode>
        </asmTool>
      </compileType>
      <item path="clientes.c" ex="false" tool="0" flavor2="0">
      </item>
      <item path="clientes.h" ex="false" tool="3" flavor2="0">
      </item>
      <item path="empresa.c" ex="false" tool="0" flavor2="0">
      </item>
      <item path="empresa.h" ex="false" tool="3" flavor2="0">
      </item>
      <item path="estruturas.h" ex="false" tool="3" flavor2="0">
      </item>
      <item path="gestao.c" ex="false" tool="0" flavor2="0">
      </item>
      <item path="gestao.h" ex="false" tool="3" flavor2="0">
      </item>
      <item path="main.c" ex="false" tool="0" flavor2="0">
      </item>
      <item path="menu.c" ex="false" tool="0" flavor2="0">
      </item>
      <item path="menu.h" ex="false" tool="3" flavor2="0">
      </item>
      <item path="parque.c" ex="false" tool="0" flavor2="0">
      </item>
      <item path="parque.h" ex="false" tool="3" flavor2="0">
      </item>
      <item path="tarifarios.c" ex="false" tool="0" flavor2="0">
      </item>
      <item path="tarifarios.h" ex="false" tool="3" flavor2="0">
      </item>
    </conf>
  </confs>
</configurationDescriptor>
