<?xml version="1.0" encoding="UTF-8"?>
<project-private xmlns="http://www.netbeans.org/ns/project-private/1">
    <data xmlns="http://www.netbeans.org/ns/make-project-private/1">
        <activeConfTypeElem>1</activeConfTypeElem>
        <activeConfIndexElem>0</activeConfIndexElem>
    </data>
    <editor-bookmarks xmlns="http://www.netbeans.org/ns/editor-bookmarks/2" lastBookmarkId="0"/>
    <open-files xmlns="http://www.netbeans.org/ns/projectui-open-files/2">
        <group>
            <file>file:/Users/miguellima/NetBeansProjects/LP/Projeto%20LP/empresa.h</file>
            <file>file:/Users/miguellima/NetBeansProjects/LP/Projeto%20LP/gestao.h</file>
            <file>file:/Users/miguellima/NetBeansProjects/LP/Projeto%20LP/menu.h</file>
            <file>file:/Users/miguellima/NetBeansProjects/LP/Projeto%20LP/estruturas.h</file>
            <file>file:/Users/miguellima/NetBeansProjects/LP/Projeto%20LP/tarifarios.c</file>
            <file>file:/Users/miguellima/NetBeansProjects/LP/Projeto%20LP/empresa.c</file>
            <file>file:/Users/miguellima/NetBeansProjects/LP/Projeto%20LP/parque.h</file>
            <file>file:/Users/miguellima/NetBeansProjects/LP/Projeto%20LP/tarifarios.h</file>
            <file>file:/Users/miguellima/NetBeansProjects/LP/Projeto%20LP/clientes.h</file>
            <file>file:/Users/miguellima/NetBeansProjects/LP/Projeto%20LP/main.c</file>
            <file>file:/Users/miguellima/NetBeansProjects/LP/Projeto%20LP/clientes.c</file>
            <file>file:/Users/miguellima/NetBeansProjects/LP/Projeto%20LP/parque.c</file>
            <file>file:/Users/miguellima/NetBeansProjects/LP/Projeto%20LP/menu.c</file>
            <file>file:/Users/miguellima/NetBeansProjects/LP/Projeto%20LP/gestao.c</file>
        </group>
    </open-files>
</project-private>
